{
  "station": "Aotizhongxin",
  "value_col": "PM2.5",
  "cutoff": "2017-01-01",
  "best_order": [
    1,
    0,
    3
  ],
  "ic": "aic",
  "best_score": 294792.70634829206,
  "rmse": 104.10353113700197,
  "mae": 77.69129505083912,
  "diagnostics": {
    "n": 35064,
    "missing_ratio": 0.0,
    "min": 3.0,
    "max": 898.0,
    "mean": 82.54062286105409,
    "std": 81.95640129983177,
    "adf_pvalue": 0.0,
    "kpss_pvalue": 0.1,
    "autocorr_lag_24": 0.4015751803967334,
    "autocorr_lag_168": 0.016796754924567902
  }
}